id,book_id,author_id,advance_paid,base_royalty_rate,royalty_split,royalty_details
1,1,1,750000,0.1511,100%,Tiered digital/print split
2,2,1,50000,0.1646,100%,Escalating royalty after 100k copies
3,3,1,200000,0.1703,100%,Standard trade terms
4,4,1,75000,0.1759,100%,First-time author terms
5,5,1,100000,0.1239,100%,Escalating royalty after 100k copies
6,6,1,750000,0.0937,100%,Tiered digital/print split
7,7,1,1000000,0.1959,100%,Flat rate agreement
8,8,1,500000,0.1534,100%,First-time author terms
9,9,2,75000,0.1218,100%,Tiered digital/print split
10,10,2,100000,0.1776,100%,Flat rate agreement
11,11,2,75000,0.1607,100%,Flat rate agreement
12,12,2,75000,0.1086,100%,Standard trade terms
13,13,2,100000,0.1248,100%,Escalating royalty after 100k copies
14,14,2,1000000,0.1266,100%,First-time author terms
15,15,2,100000,0.149,100%,Tiered digital/print split
16,16,2,100000,0.1384,100%,First-time author terms
17,17,2,100000,0.1466,100%,Tiered digital/print split
18,18,3,200000,0.0968,100%,Flat rate agreement
19,19,3,750000,0.1543,50.0%,Flat rate agreement
20,19,41,50000,0.1382,50.0%,Escalating royalty after 100k copies
21,20,3,500000,0.1957,100%,First-time author terms
22,21,3,750000,0.1291,100%,Tiered digital/print split
23,22,3,500000,0.1652,100%,Tiered digital/print split
24,23,3,750000,0.1001,100%,First-time author terms
25,24,4,50000,0.1755,100%,Escalating royalty after 100k copies
26,25,4,200000,0.0839,100%,Escalating royalty after 100k copies
27,26,4,1000000,0.1146,100%,Tiered digital/print split
28,27,4,750000,0.146,100%,Standard trade terms
29,28,5,75000,0.1121,100%,First-time author terms
30,29,5,300000,0.145,100%,Standard trade terms
31,30,5,750000,0.1456,100%,Tiered digital/print split
32,31,6,75000,0.1683,100%,Escalating royalty after 100k copies
33,32,6,200000,0.185,100%,Standard trade terms
34,33,6,750000,0.1115,100%,Standard trade terms
35,34,6,750000,0.1838,100%,Standard trade terms
36,35,6,150000,0.1052,50.0%,First-time author terms
37,35,100,300000,0.1833,50.0%,First-time author terms
38,36,6,500000,0.0999,100%,Escalating royalty after 100k copies
39,37,7,150000,0.1776,100%,Standard trade terms
40,38,7,300000,0.1439,100%,First-time author terms
41,39,7,1000000,0.1002,100%,Flat rate agreement
42,40,7,200000,0.1487,100%,First-time author terms
43,41,7,75000,0.0963,100%,Tiered digital/print split
44,42,7,50000,0.1991,100%,Escalating royalty after 100k copies
45,43,7,100000,0.11,100%,Flat rate agreement
46,44,7,150000,0.1714,100%,Tiered digital/print split
47,45,8,750000,0.0971,100%,Flat rate agreement
48,46,8,500000,0.125,100%,Standard trade terms
49,47,8,75000,0.1283,100%,Flat rate agreement
50,48,8,300000,0.1346,100%,Tiered digital/print split
51,49,8,300000,0.1498,100%,Standard trade terms
52,50,8,750000,0.1562,100%,Flat rate agreement
53,51,8,75000,0.1755,100%,Tiered digital/print split
54,52,9,150000,0.1962,100%,Escalating royalty after 100k copies
55,53,9,750000,0.1122,100%,Flat rate agreement
56,54,9,300000,0.1457,50.0%,Escalating royalty after 100k copies
57,54,84,750000,0.1746,50.0%,Standard trade terms
58,55,9,50000,0.0919,50.0%,Tiered digital/print split
59,55,84,50000,0.0949,50.0%,Escalating royalty after 100k copies
60,56,9,750000,0.1348,100%,Tiered digital/print split
61,57,9,150000,0.1995,100%,Escalating royalty after 100k copies
62,58,10,200000,0.0991,100%,Flat rate agreement
63,59,10,75000,0.1586,100%,Flat rate agreement
64,60,10,75000,0.1246,100%,Escalating royalty after 100k copies
65,61,10,50000,0.1276,100%,Flat rate agreement
66,62,10,150000,0.1315,100%,Standard trade terms
67,63,11,75000,0.0801,100%,Tiered digital/print split
68,64,11,75000,0.0959,100%,Escalating royalty after 100k copies
69,65,11,1000000,0.1616,100%,Standard trade terms
70,66,12,50000,0.1635,100%,Standard trade terms
71,67,12,500000,0.1633,100%,Tiered digital/print split
72,68,12,75000,0.1075,100%,Standard trade terms
73,69,13,75000,0.0924,100%,Flat rate agreement
74,70,13,200000,0.0965,100%,Escalating royalty after 100k copies
75,71,13,100000,0.0882,100%,First-time author terms
76,72,14,50000,0.1532,100%,Escalating royalty after 100k copies
77,73,14,750000,0.1221,100%,Escalating royalty after 100k copies
78,74,15,100000,0.1904,100%,First-time author terms
79,75,15,750000,0.1832,100%,Standard trade terms
80,76,15,75000,0.0968,100%,Standard trade terms
81,77,15,500000,0.1222,100%,Tiered digital/print split
82,78,15,300000,0.1749,100%,Escalating royalty after 100k copies
83,79,16,200000,0.1574,100%,Escalating royalty after 100k copies
84,80,16,1000000,0.1521,100%,First-time author terms
85,81,16,200000,0.1735,100%,Standard trade terms
86,82,16,200000,0.1047,100%,First-time author terms
87,83,16,1000000,0.1026,100%,Tiered digital/print split
88,84,17,200000,0.1575,100%,Escalating royalty after 100k copies
89,85,17,750000,0.1263,100%,Escalating royalty after 100k copies
90,86,17,750000,0.1566,100%,Standard trade terms
91,87,17,1000000,0.1866,100%,Standard trade terms
92,88,17,300000,0.1921,100%,Escalating royalty after 100k copies
93,89,18,500000,0.1833,100%,First-time author terms
94,90,18,500000,0.1238,100%,Escalating royalty after 100k copies
95,91,18,750000,0.1945,100%,Standard trade terms
96,92,18,50000,0.1505,100%,Standard trade terms
97,93,18,200000,0.1059,100%,Standard trade terms
98,94,18,500000,0.1408,100%,First-time author terms
99,95,21,500000,0.1308,100%,Tiered digital/print split
100,96,21,75000,0.1569,100%,First-time author terms
101,97,21,100000,0.1133,100%,Flat rate agreement
102,98,21,75000,0.1414,100%,Escalating royalty after 100k copies
103,99,22,100000,0.1444,100%,Tiered digital/print split
104,100,22,75000,0.1172,100%,Tiered digital/print split
105,101,22,150000,0.0869,100%,Standard trade terms
106,102,22,500000,0.0939,100%,First-time author terms
107,103,23,50000,0.1171,100%,Escalating royalty after 100k copies
108,104,23,75000,0.0815,100%,Escalating royalty after 100k copies
109,105,23,50000,0.0997,100%,Flat rate agreement
110,106,23,1000000,0.1421,100%,Flat rate agreement
111,107,27,100000,0.1246,100%,Flat rate agreement
112,108,27,75000,0.1726,100%,Standard trade terms
113,109,27,300000,0.1769,100%,Flat rate agreement
114,110,27,1000000,0.0877,100%,First-time author terms
115,111,27,75000,0.1395,100%,First-time author terms
116,112,28,300000,0.0867,100%,First-time author terms
117,113,28,100000,0.1241,100%,Flat rate agreement
118,114,28,75000,0.1873,100%,Standard trade terms
119,115,28,150000,0.1689,100%,Standard trade terms
120,116,28,50000,0.183,100%,Standard trade terms
121,117,28,150000,0.0855,100%,Flat rate agreement
122,118,31,500000,0.1904,100%,Escalating royalty after 100k copies
123,119,31,50000,0.1463,100%,Tiered digital/print split
124,120,31,150000,0.1186,100%,Tiered digital/print split
125,121,31,300000,0.1126,100%,Standard trade terms
126,122,31,300000,0.0943,100%,Standard trade terms
127,123,32,100000,0.1068,100%,First-time author terms
128,124,32,50000,0.1945,100%,Standard trade terms
129,125,32,750000,0.1839,100%,Flat rate agreement
130,126,32,300000,0.0904,100%,Tiered digital/print split
131,127,32,50000,0.1243,100%,Flat rate agreement
132,128,34,200000,0.1687,100%,Escalating royalty after 100k copies
133,129,34,750000,0.1242,100%,Tiered digital/print split
134,130,34,150000,0.1679,100%,First-time author terms
135,131,34,150000,0.0981,100%,Tiered digital/print split
136,132,37,50000,0.108,100%,Flat rate agreement
137,133,37,50000,0.1941,100%,Standard trade terms
138,134,37,500000,0.1819,100%,Flat rate agreement
139,135,38,75000,0.1046,100%,Escalating royalty after 100k copies
140,136,38,500000,0.139,100%,Standard trade terms
141,137,38,100000,0.1654,100%,Standard trade terms
142,138,38,50000,0.1906,100%,First-time author terms
143,139,39,500000,0.1641,100%,Flat rate agreement
144,140,39,750000,0.1969,100%,Standard trade terms
145,141,39,75000,0.1407,100%,Tiered digital/print split
146,142,40,75000,0.151,100%,Standard trade terms
147,143,40,500000,0.1595,100%,Escalating royalty after 100k copies
148,144,40,150000,0.115,100%,Flat rate agreement
149,145,40,500000,0.1641,100%,Flat rate agreement
150,146,40,300000,0.1343,100%,Escalating royalty after 100k copies
151,147,44,75000,0.1932,100%,Escalating royalty after 100k copies
152,148,44,75000,0.0986,100%,Escalating royalty after 100k copies
153,149,44,750000,0.1359,100%,Tiered digital/print split
154,150,45,75000,0.1443,100%,Escalating royalty after 100k copies
155,151,45,750000,0.117,100%,Flat rate agreement
156,152,45,75000,0.0909,100%,Flat rate agreement
157,153,45,50000,0.1058,100%,Flat rate agreement
158,154,46,100000,0.0909,100%,Escalating royalty after 100k copies
159,155,46,300000,0.1275,100%,Standard trade terms
160,156,46,200000,0.1112,100%,Escalating royalty after 100k copies
161,157,47,50000,0.1943,100%,Tiered digital/print split
162,158,47,1000000,0.1698,100%,Escalating royalty after 100k copies
163,159,47,75000,0.1354,100%,Escalating royalty after 100k copies
164,160,51,75000,0.0814,100%,Escalating royalty after 100k copies
165,161,51,100000,0.1038,100%,Tiered digital/print split
166,162,51,300000,0.1624,100%,Standard trade terms
167,163,57,200000,0.1901,100%,Standard trade terms
168,164,57,50000,0.1997,100%,Escalating royalty after 100k copies
169,165,57,750000,0.1771,100%,Standard trade terms
170,166,57,300000,0.0947,100%,Tiered digital/print split
171,167,58,50000,0.1002,100%,First-time author terms
172,168,58,500000,0.1786,100%,Tiered digital/print split
173,169,58,750000,0.0835,100%,Tiered digital/print split
174,170,58,100000,0.1225,100%,Escalating royalty after 100k copies
175,171,58,200000,0.1136,100%,Escalating royalty after 100k copies
176,172,59,50000,0.1537,100%,First-time author terms
177,173,59,150000,0.1577,100%,Tiered digital/print split
178,174,59,500000,0.1859,100%,Tiered digital/print split
179,175,59,50000,0.0905,100%,Tiered digital/print split
180,176,61,100000,0.1303,100%,First-time author terms
181,177,61,150000,0.1557,100%,First-time author terms
182,178,61,50000,0.1987,100%,Flat rate agreement
183,179,61,750000,0.1453,100%,Tiered digital/print split
184,180,64,300000,0.1895,100%,First-time author terms
185,181,64,300000,0.1266,100%,Escalating royalty after 100k copies
186,182,64,50000,0.1183,100%,Escalating royalty after 100k copies
187,183,66,50000,0.1875,100%,Flat rate agreement
188,184,66,50000,0.177,100%,Tiered digital/print split
189,185,66,1000000,0.1229,100%,First-time author terms
190,186,66,150000,0.1969,100%,Standard trade terms
191,187,66,150000,0.1588,100%,Flat rate agreement
192,188,67,1000000,0.178,100%,Standard trade terms
193,189,67,150000,0.1491,100%,Tiered digital/print split
194,190,67,300000,0.1922,100%,Escalating royalty after 100k copies
195,191,67,100000,0.1084,100%,Flat rate agreement
196,192,67,300000,0.1897,100%,Standard trade terms
197,193,81,300000,0.1937,100%,First-time author terms
198,194,81,100000,0.1476,100%,Escalating royalty after 100k copies
199,195,81,750000,0.1451,100%,Escalating royalty after 100k copies
200,196,82,750000,0.0846,100%,Standard trade terms
201,197,82,150000,0.1522,100%,Standard trade terms
202,198,82,1000000,0.1374,100%,Flat rate agreement
203,199,82,150000,0.1768,100%,Flat rate agreement
204,200,83,100000,0.1903,100%,Flat rate agreement
205,201,83,50000,0.0826,100%,First-time author terms
206,202,83,100000,0.1729,100%,First-time author terms
207,203,83,300000,0.1953,100%,Flat rate agreement
208,204,83,500000,0.1503,100%,Flat rate agreement
209,205,83,200000,0.1187,100%,Escalating royalty after 100k copies
210,206,84,500000,0.175,100%,Tiered digital/print split
211,207,84,300000,0.1009,100%,First-time author terms
212,208,84,300000,0.1068,100%,First-time author terms
213,209,84,100000,0.1254,50.0%,Flat rate agreement
214,209,9,100000,0.1013,50.0%,Standard trade terms
215,210,84,500000,0.1821,100%,First-time author terms
216,211,85,50000,0.1018,100%,Flat rate agreement
217,212,85,150000,0.1568,100%,Standard trade terms
218,213,85,750000,0.0969,100%,Standard trade terms
219,214,85,150000,0.1216,100%,Flat rate agreement
220,215,86,100000,0.1563,100%,Standard trade terms
221,216,86,300000,0.1336,100%,Flat rate agreement
222,217,86,150000,0.1099,100%,Standard trade terms
223,218,86,300000,0.1108,100%,Standard trade terms
224,219,89,50000,0.0858,100%,Tiered digital/print split
225,220,89,500000,0.1963,100%,Tiered digital/print split
226,221,89,750000,0.1858,100%,Flat rate agreement
227,222,89,1000000,0.125,100%,Tiered digital/print split
228,223,90,150000,0.0995,100%,Standard trade terms
229,224,90,50000,0.1154,100%,Flat rate agreement
230,225,90,200000,0.1942,100%,Standard trade terms
231,226,90,300000,0.1004,100%,Tiered digital/print split
232,227,91,100000,0.1678,100%,First-time author terms
233,228,91,75000,0.1206,100%,First-time author terms
234,229,91,750000,0.1645,100%,Tiered digital/print split
235,230,91,100000,0.1529,100%,Tiered digital/print split
236,231,92,100000,0.0864,100%,Flat rate agreement
237,232,92,150000,0.1969,100%,Tiered digital/print split
238,233,92,1000000,0.1666,100%,First-time author terms
239,234,92,200000,0.1593,100%,Flat rate agreement
240,235,93,150000,0.0915,100%,Tiered digital/print split
241,236,93,1000000,0.1808,100%,Escalating royalty after 100k copies
242,237,93,50000,0.1233,100%,Tiered digital/print split
243,238,95,75000,0.1153,100%,First-time author terms
244,239,95,750000,0.104,100%,Standard trade terms
245,240,95,150000,0.1005,100%,Flat rate agreement
246,241,98,75000,0.1368,100%,Standard trade terms
247,242,98,200000,0.1742,100%,Tiered digital/print split
248,243,99,750000,0.1874,100%,Flat rate agreement
249,244,99,75000,0.157,100%,Tiered digital/print split
250,245,100,100000,0.1245,50.0%,Tiered digital/print split
251,245,9,300000,0.1024,50.0%,Standard trade terms
252,246,100,200000,0.1328,100%,Flat rate agreement
253,247,100,150000,0.1804,100%,First-time author terms
254,248,100,50000,0.0981,100%,Standard trade terms
255,249,19,75000,0.1602,100%,First-time author terms
256,250,19,500000,0.1965,100%,First-time author terms
257,251,19,150000,0.1464,100%,Tiered digital/print split
258,252,19,1000000,0.1302,100%,First-time author terms
259,253,19,750000,0.1487,100%,Escalating royalty after 100k copies
260,254,19,750000,0.1159,100%,Tiered digital/print split
261,255,71,50000,0.1403,100%,First-time author terms
262,256,71,100000,0.0944,100%,Tiered digital/print split
263,257,71,100000,0.1939,100%,Escalating royalty after 100k copies
264,258,72,150000,0.177,100%,Escalating royalty after 100k copies
265,259,72,50000,0.1308,100%,Tiered digital/print split
266,260,72,150000,0.1997,100%,Escalating royalty after 100k copies
267,261,79,200000,0.1184,100%,Standard trade terms
268,262,79,75000,0.1266,100%,Tiered digital/print split
269,263,79,1000000,0.1191,100%,Flat rate agreement
270,264,80,1000000,0.135,100%,Standard trade terms
271,265,80,1000000,0.1738,100%,Standard trade terms
272,266,80,500000,0.098,100%,First-time author terms
273,267,41,75000,0.191,100%,First-time author terms
274,268,41,75000,0.1743,100%,First-time author terms
275,269,41,300000,0.1853,100%,Flat rate agreement
276,270,77,500000,0.1586,100%,First-time author terms
277,271,77,750000,0.0845,100%,Flat rate agreement
278,272,77,500000,0.0973,100%,First-time author terms
279,273,94,500000,0.0847,100%,Flat rate agreement
280,274,96,150000,0.0859,100%,Tiered digital/print split
281,275,96,200000,0.1876,100%,Standard trade terms
282,276,97,300000,0.1781,100%,Flat rate agreement
283,277,97,200000,0.1136,100%,Tiered digital/print split
284,278,10,75000,0.1967,100%,Escalating royalty after 100k copies
285,279,1,100000,0.1161,100%,Tiered digital/print split
286,280,15,300000,0.1123,100%,Tiered digital/print split
287,281,99,75000,0.1026,100%,Escalating royalty after 100k copies
288,282,47,500000,0.1689,100%,First-time author terms
289,283,13,300000,0.1785,100%,First-time author terms
290,284,83,100000,0.0879,100%,First-time author terms
291,285,85,500000,0.0963,100%,First-time author terms
292,286,71,50000,0.1008,100%,Escalating royalty after 100k copies
293,287,83,50000,0.1099,100%,Tiered digital/print split
294,288,86,50000,0.1902,100%,Escalating royalty after 100k copies
295,289,16,200000,0.1242,100%,Tiered digital/print split
296,290,46,1000000,0.1276,100%,Standard trade terms
297,291,90,50000,0.109,100%,Tiered digital/print split
298,292,90,750000,0.1013,100%,Tiered digital/print split
299,293,32,1000000,0.122,100%,Escalating royalty after 100k copies
300,294,28,200000,0.1699,100%,Standard trade terms
301,295,98,200000,0.0833,100%,Standard trade terms
302,296,99,100000,0.1825,100%,Escalating royalty after 100k copies
303,297,37,150000,0.1577,100%,Escalating royalty after 100k copies
304,298,47,200000,0.1582,100%,First-time author terms
305,299,15,50000,0.1838,100%,Standard trade terms
306,300,86,750000,0.1894,100%,Escalating royalty after 100k copies
307,301,99,50000,0.1069,100%,First-time author terms
308,302,87,200000,0.1655,50.0%,Flat rate agreement
309,302,9,500000,0.1875,50.0%,Flat rate agreement
310,303,59,750000,0.1102,100%,Tiered digital/print split
311,304,57,200000,0.1613,100%,First-time author terms
312,305,16,500000,0.1501,100%,Standard trade terms
313,306,31,1000000,0.1999,100%,Flat rate agreement
314,307,85,1000000,0.1577,100%,First-time author terms
315,308,95,200000,0.1158,100%,Standard trade terms
316,309,92,750000,0.0877,100%,Flat rate agreement
317,310,3,300000,0.1834,100%,Flat rate agreement
318,311,15,200000,0.1026,100%,First-time author terms
319,312,83,150000,0.188,100%,First-time author terms
320,313,99,500000,0.1593,100%,Escalating royalty after 100k copies
321,314,13,50000,0.1586,100%,Flat rate agreement
322,315,38,200000,0.1888,100%,Tiered digital/print split
323,316,67,150000,0.1252,100%,Flat rate agreement
324,317,67,500000,0.1263,100%,Flat rate agreement
325,318,67,75000,0.1017,100%,Standard trade terms
326,319,67,300000,0.1666,100%,Tiered digital/print split
327,320,67,750000,0.1076,100%,Escalating royalty after 100k copies
328,321,67,200000,0.0927,100%,Flat rate agreement
329,322,67,150000,0.1717,100%,Escalating royalty after 100k copies
330,323,67,500000,0.1156,100%,Standard trade terms
331,324,67,750000,0.1305,100%,Flat rate agreement
332,325,67,75000,0.1404,100%,Flat rate agreement
333,326,67,750000,0.144,100%,Flat rate agreement
334,327,67,500000,0.1858,100%,Tiered digital/print split
335,328,67,100000,0.1139,100%,First-time author terms
336,329,67,750000,0.1033,100%,Flat rate agreement
337,330,67,150000,0.1214,100%,Flat rate agreement
338,331,67,200000,0.1958,100%,Escalating royalty after 100k copies
339,332,101,100000,0.1747,100%,Flat rate agreement
340,333,101,500000,0.1692,100%,Escalating royalty after 100k copies
341,334,101,500000,0.1833,100%,Flat rate agreement
342,335,101,500000,0.0804,100%,First-time author terms
343,336,101,150000,0.0802,100%,Flat rate agreement
344,337,101,100000,0.1413,100%,Tiered digital/print split
345,338,101,150000,0.1117,100%,Tiered digital/print split
346,339,44,500000,0.1387,100%,Flat rate agreement
347,340,59,75000,0.1366,100%,Tiered digital/print split
348,341,15,200000,0.1449,100%,Flat rate agreement
349,342,95,750000,0.1849,100%,Standard trade terms
350,343,8,750000,0.0885,100%,Standard trade terms
351,344,58,100000,0.0811,100%,Standard trade terms
352,345,98,150000,0.1614,100%,Tiered digital/print split
353,346,82,100000,0.093,100%,Tiered digital/print split
354,347,37,200000,0.1352,100%,Tiered digital/print split
355,348,93,500000,0.1033,100%,Tiered digital/print split
356,349,99,200000,0.114,100%,Standard trade terms
357,350,14,300000,0.1178,100%,Escalating royalty after 100k copies
358,351,13,200000,0.1964,100%,Tiered digital/print split
359,352,47,500000,0.1405,100%,Tiered digital/print split
360,353,93,200000,0.1254,100%,First-time author terms
361,354,95,200000,0.191,100%,Flat rate agreement
362,355,98,75000,0.0974,100%,Flat rate agreement
363,356,59,50000,0.1055,100%,First-time author terms
364,357,57,50000,0.1433,100%,First-time author terms
365,358,82,75000,0.1567,100%,Escalating royalty after 100k copies
366,359,45,200000,0.1753,100%,Flat rate agreement
367,360,61,50000,0.1614,100%,First-time author terms
368,361,92,500000,0.0904,100%,Flat rate agreement
369,362,99,75000,0.1231,100%,First-time author terms
370,363,13,50000,0.0857,100%,Escalating royalty after 100k copies
